학번,과목코드,점수,과목명1,과목명2
S0001,SB003,99,국어,국어
S0002,SB003,53,국어,국어
S0003,SB003,73,국어,국어
S0004,SB003,72,국어,국어
S0005,SB003,59,국어,국어
S0006,SB003,74,국어,국어
S0007,SB003,93,국어,국어
S0008,SB003,81,국어,국어
S0009,SB003,84,국어,국어
S0010,SB003,61,국어,국어
S0011,SB003,72,국어,국어
S0012,SB003,76,국어,국어
S0013,SB003,77,국어,국어
S0014,SB003,51,국어,국어
S0015,SB003,99,국어,국어
S0016,SB003,85,국어,국어
S0017,SB003,73,국어,국어
S0018,SB003,55,국어,국어
S0019,SB003,66,국어,국어
S0020,SB003,100,국어,국어
S0021,SB003,70,국어,국어
S0022,SB003,53,국어,국어
S0023,SB003,58,국어,국어
S0024,SB003,88,국어,국어
S0025,SB003,60,국어,국어
S0026,SB003,85,국어,국어
S0027,SB003,100,국어,국어
S0028,SB003,98,국어,국어
S0029,SB003,51,국어,국어
S0030,SB003,71,국어,국어
S0031,SB003,50,국어,국어
S0032,SB003,55,국어,국어
S0033,SB003,62,국어,국어
S0034,SB003,77,국어,국어
S0035,SB003,73,국어,국어
S0036,SB003,54,국어,국어
S0037,SB003,91,국어,국어
S0038,SB003,87,국어,국어
S0039,SB003,62,국어,국어
S0040,SB003,55,국어,국어
S0041,SB003,78,국어,국어
S0042,SB003,59,국어,국어
S0043,SB003,89,국어,국어
S0044,SB003,54,국어,국어
S0045,SB003,77,국어,국어
S0046,SB003,63,국어,국어
S0047,SB003,50,국어,국어
S0048,SB003,92,국어,국어
S0049,SB003,50,국어,국어
S0050,SB003,71,국어,국어
S0051,SB003,84,국어,국어
S0052,SB003,72,국어,국어
S0053,SB003,86,국어,국어
S0054,SB003,79,국어,국어
S0055,SB003,88,국어,국어
S0056,SB003,63,국어,국어
S0057,SB003,55,국어,국어
S0058,SB003,88,국어,국어
S0059,SB003,95,국어,국어
S0060,SB003,53,국어,국어
S0061,SB003,55,국어,국어
S0062,SB003,84,국어,국어
S0063,SB003,85,국어,국어
S0064,SB003,84,국어,국어
S0065,SB003,87,국어,국어
S0066,SB003,78,국어,국어
S0067,SB003,63,국어,국어
S0068,SB003,100,국어,국어
S0069,SB003,72,국어,국어
S0070,SB003,76,국어,국어
S0071,SB003,62,국어,국어
S0072,SB003,66,국어,국어
S0073,SB003,58,국어,국어
S0074,SB003,76,국어,국어
S0075,SB003,71,국어,국어
S0076,SB003,84,국어,국어
S0077,SB003,55,국어,국어
S0078,SB003,66,국어,국어
S0079,SB003,86,국어,국어
S0080,SB003,84,국어,국어
S0081,SB003,81,국어,국어
S0082,SB003,65,국어,국어
S0083,SB003,67,국어,국어
S0084,SB003,63,국어,국어
S0085,SB003,89,국어,국어
S0086,SB003,73,국어,국어
S0087,SB003,63,국어,국어
S0088,SB003,72,국어,국어
S0089,SB003,89,국어,국어
S0090,SB003,94,국어,국어
S0091,SB003,94,국어,국어
S0092,SB003,82,국어,국어
S0093,SB003,57,국어,국어
S0094,SB003,99,국어,국어
S0095,SB003,78,국어,국어
S0096,SB003,100,국어,국어
S0097,SB003,54,국어,국어
S0098,SB003,53,국어,국어
S0099,SB003,83,국어,국어
S0100,SB003,81,국어,국어
S0001,SB013,66,영어,영어
S0002,SB013,63,영어,영어
S0003,SB013,81,영어,영어
S0004,SB013,63,영어,영어
S0005,SB013,81,영어,영어
S0006,SB013,62,영어,영어
S0007,SB013,76,영어,영어
S0008,SB013,69,영어,영어
S0009,SB013,91,영어,영어
S0010,SB013,76,영어,영어
S0011,SB013,69,영어,영어
S0012,SB013,89,영어,영어
S0013,SB013,65,영어,영어
S0014,SB013,57,영어,영어
S0015,SB013,96,영어,영어
S0016,SB013,62,영어,영어
S0017,SB013,76,영어,영어
S0018,SB013,77,영어,영어
S0019,SB013,71,영어,영어
S0020,SB013,85,영어,영어
S0021,SB013,52,영어,영어
S0022,SB013,92,영어,영어
S0023,SB013,73,영어,영어
S0024,SB013,87,영어,영어
S0025,SB013,88,영어,영어
S0026,SB013,75,영어,영어
S0027,SB013,93,영어,영어
S0028,SB013,93,영어,영어
S0029,SB013,68,영어,영어
S0030,SB013,75,영어,영어
S0031,SB013,71,영어,영어
S0032,SB013,93,영어,영어
S0033,SB013,78,영어,영어
S0034,SB013,94,영어,영어
S0035,SB013,82,영어,영어
S0036,SB013,78,영어,영어
S0037,SB013,72,영어,영어
S0038,SB013,70,영어,영어
S0039,SB013,66,영어,영어
S0040,SB013,93,영어,영어
S0041,SB013,68,영어,영어
S0042,SB013,56,영어,영어
S0043,SB013,57,영어,영어
S0044,SB013,94,영어,영어
S0045,SB013,59,영어,영어
S0046,SB013,98,영어,영어
S0047,SB013,52,영어,영어
S0048,SB013,92,영어,영어
S0049,SB013,54,영어,영어
S0050,SB013,67,영어,영어
S0051,SB013,84,영어,영어
S0052,SB013,98,영어,영어
S0053,SB013,83,영어,영어
S0054,SB013,62,영어,영어
S0055,SB013,98,영어,영어
S0056,SB013,55,영어,영어
S0057,SB013,64,영어,영어
S0058,SB013,64,영어,영어
S0059,SB013,98,영어,영어
S0060,SB013,59,영어,영어
S0061,SB013,72,영어,영어
S0062,SB013,89,영어,영어
S0063,SB013,89,영어,영어
S0064,SB013,93,영어,영어
S0065,SB013,72,영어,영어
S0066,SB013,72,영어,영어
S0067,SB013,81,영어,영어
S0068,SB013,57,영어,영어
S0069,SB013,75,영어,영어
S0070,SB013,68,영어,영어
S0071,SB013,68,영어,영어
S0072,SB013,60,영어,영어
S0073,SB013,89,영어,영어
S0074,SB013,92,영어,영어
S0075,SB013,95,영어,영어
S0076,SB013,53,영어,영어
S0077,SB013,69,영어,영어
S0078,SB013,71,영어,영어
S0079,SB013,66,영어,영어
S0080,SB013,61,영어,영어
S0081,SB013,66,영어,영어
S0082,SB013,82,영어,영어
S0083,SB013,75,영어,영어
S0084,SB013,64,영어,영어
S0085,SB013,90,영어,영어
S0086,SB013,63,영어,영어
S0087,SB013,66,영어,영어
S0088,SB013,67,영어,영어
S0089,SB013,56,영어,영어
S0090,SB013,55,영어,영어
S0091,SB013,78,영어,영어
S0092,SB013,76,영어,영어
S0093,SB013,88,영어,영어
S0094,SB013,97,영어,영어
S0095,SB013,64,영어,영어
S0096,SB013,89,영어,영어
S0097,SB013,83,영어,영어
S0098,SB013,55,영어,영어
S0099,SB013,87,영어,영어
S0100,SB013,53,영어,영어
S0001,SB011,82,수학,수학
S0002,SB011,77,수학,수학
S0003,SB011,77,수학,수학
S0004,SB011,77,수학,수학
S0005,SB011,78,수학,수학
S0006,SB011,67,수학,수학
S0007,SB011,62,수학,수학
S0008,SB011,64,수학,수학
S0009,SB011,63,수학,수학
S0010,SB011,63,수학,수학
S0011,SB011,55,수학,수학
S0012,SB011,60,수학,수학
S0013,SB011,81,수학,수학
S0014,SB011,56,수학,수학
S0015,SB011,99,수학,수학
S0016,SB011,58,수학,수학
S0017,SB011,94,수학,수학
S0018,SB011,98,수학,수학
S0019,SB011,97,수학,수학
S0020,SB011,76,수학,수학
S0021,SB011,98,수학,수학
S0022,SB011,74,수학,수학
S0023,SB011,62,수학,수학
S0024,SB011,70,수학,수학
S0025,SB011,69,수학,수학
S0026,SB011,84,수학,수학
S0027,SB011,51,수학,수학
S0028,SB011,52,수학,수학
S0029,SB011,60,수학,수학
S0030,SB011,90,수학,수학
S0031,SB011,94,수학,수학
S0032,SB011,80,수학,수학
S0033,SB011,84,수학,수학
S0034,SB011,65,수학,수학
S0035,SB011,100,수학,수학
S0036,SB011,52,수학,수학
S0037,SB011,63,수학,수학
S0038,SB011,65,수학,수학
S0039,SB011,73,수학,수학
S0040,SB011,71,수학,수학
S0041,SB011,85,수학,수학
S0042,SB011,71,수학,수학
S0043,SB011,69,수학,수학
S0044,SB011,65,수학,수학
S0045,SB011,72,수학,수학
S0046,SB011,85,수학,수학
S0047,SB011,57,수학,수학
S0048,SB011,90,수학,수학
S0049,SB011,82,수학,수학
S0050,SB011,96,수학,수학
S0051,SB011,58,수학,수학
S0052,SB011,61,수학,수학
S0053,SB011,73,수학,수학
S0054,SB011,55,수학,수학
S0055,SB011,88,수학,수학
S0056,SB011,54,수학,수학
S0057,SB011,100,수학,수학
S0058,SB011,53,수학,수학
S0059,SB011,71,수학,수학
S0060,SB011,54,수학,수학
S0061,SB011,81,수학,수학
S0062,SB011,65,수학,수학
S0063,SB011,94,수학,수학
S0064,SB011,81,수학,수학
S0065,SB011,73,수학,수학
S0066,SB011,93,수학,수학
S0067,SB011,89,수학,수학
S0068,SB011,87,수학,수학
S0069,SB011,83,수학,수학
S0070,SB011,73,수학,수학
S0071,SB011,78,수학,수학
S0072,SB011,51,수학,수학
S0073,SB011,78,수학,수학
S0074,SB011,54,수학,수학
S0075,SB011,69,수학,수학
S0076,SB011,73,수학,수학
S0077,SB011,96,수학,수학
S0078,SB011,75,수학,수학
S0079,SB011,72,수학,수학
S0080,SB011,94,수학,수학
S0081,SB011,56,수학,수학
S0082,SB011,57,수학,수학
S0083,SB011,91,수학,수학
S0084,SB011,78,수학,수학
S0085,SB011,94,수학,수학
S0086,SB011,95,수학,수학
S0087,SB011,65,수학,수학
S0088,SB011,84,수학,수학
S0089,SB011,93,수학,수학
S0090,SB011,96,수학,수학
S0091,SB011,57,수학,수학
S0092,SB011,88,수학,수학
S0093,SB011,71,수학,수학
S0094,SB011,71,수학,수학
S0095,SB011,68,수학,수학
S0096,SB011,56,수학,수학
S0097,SB011,55,수학,수학
S0098,SB011,58,수학,수학
S0099,SB011,56,수학,수학
S0100,SB011,52,수학,수학
S0001,SB012,66,역사,역사
S0002,SB012,70,역사,역사
S0003,SB012,52,역사,역사
S0004,SB012,71,역사,역사
S0005,SB012,57,역사,역사
S0006,SB012,76,역사,역사
S0007,SB012,96,역사,역사
S0008,SB012,73,역사,역사
S0009,SB012,97,역사,역사
S0010,SB012,84,역사,역사
S0011,SB012,66,역사,역사
S0012,SB012,87,역사,역사
S0013,SB012,52,역사,역사
S0014,SB012,98,역사,역사
S0015,SB012,53,역사,역사
S0016,SB012,64,역사,역사
S0017,SB012,80,역사,역사
S0018,SB012,81,역사,역사
S0019,SB012,74,역사,역사
S0020,SB012,86,역사,역사
S0021,SB012,98,역사,역사
S0022,SB012,78,역사,역사
S0023,SB012,70,역사,역사
S0024,SB012,88,역사,역사
S0025,SB012,77,역사,역사
S0026,SB012,73,역사,역사
S0027,SB012,75,역사,역사
S0028,SB012,93,역사,역사
S0029,SB012,50,역사,역사
S0030,SB012,62,역사,역사
S0031,SB012,87,역사,역사
S0032,SB012,91,역사,역사
S0033,SB012,95,역사,역사
S0034,SB012,73,역사,역사
S0035,SB012,73,역사,역사
S0036,SB012,87,역사,역사
S0037,SB012,83,역사,역사
S0038,SB012,55,역사,역사
S0039,SB012,54,역사,역사
S0040,SB012,57,역사,역사
S0041,SB012,59,역사,역사
S0042,SB012,89,역사,역사
S0043,SB012,53,역사,역사
S0044,SB012,53,역사,역사
S0045,SB012,58,역사,역사
S0046,SB012,84,역사,역사
S0047,SB012,75,역사,역사
S0048,SB012,83,역사,역사
S0049,SB012,75,역사,역사
S0050,SB012,62,역사,역사
S0051,SB012,61,역사,역사
S0052,SB012,68,역사,역사
S0053,SB012,79,역사,역사
S0054,SB012,79,역사,역사
S0055,SB012,66,역사,역사
S0056,SB012,75,역사,역사
S0057,SB012,50,역사,역사
S0058,SB012,97,역사,역사
S0059,SB012,61,역사,역사
S0060,SB012,86,역사,역사
S0061,SB012,84,역사,역사
S0062,SB012,88,역사,역사
S0063,SB012,75,역사,역사
S0064,SB012,69,역사,역사
S0065,SB012,92,역사,역사
S0066,SB012,58,역사,역사
S0067,SB012,59,역사,역사
S0068,SB012,91,역사,역사
S0069,SB012,81,역사,역사
S0070,SB012,76,역사,역사
S0071,SB012,94,역사,역사
S0072,SB012,93,역사,역사
S0073,SB012,61,역사,역사
S0074,SB012,92,역사,역사
S0075,SB012,62,역사,역사
S0076,SB012,51,역사,역사
S0077,SB012,82,역사,역사
S0078,SB012,88,역사,역사
S0079,SB012,85,역사,역사
S0080,SB012,72,역사,역사
S0081,SB012,83,역사,역사
S0082,SB012,96,역사,역사
S0083,SB012,90,역사,역사
S0084,SB012,64,역사,역사
S0085,SB012,65,역사,역사
S0086,SB012,55,역사,역사
S0087,SB012,67,역사,역사
S0088,SB012,71,역사,역사
S0089,SB012,71,역사,역사
S0090,SB012,65,역사,역사
S0091,SB012,57,역사,역사
S0092,SB012,84,역사,역사
S0093,SB012,87,역사,역사
S0094,SB012,65,역사,역사
S0095,SB012,83,역사,역사
S0096,SB012,68,역사,역사
S0097,SB012,81,역사,역사
S0098,SB012,99,역사,역사
S0099,SB012,65,역사,역사
S0100,SB012,83,역사,역사
S0001,SB005,98,도덕,도덕
S0002,SB005,64,도덕,도덕
S0003,SB005,73,도덕,도덕
S0004,SB005,60,도덕,도덕
S0005,SB005,61,도덕,도덕
S0006,SB005,57,도덕,도덕
S0007,SB005,68,도덕,도덕
S0008,SB005,94,도덕,도덕
S0009,SB005,89,도덕,도덕
S0010,SB005,98,도덕,도덕
S0011,SB005,56,도덕,도덕
S0012,SB005,53,도덕,도덕
S0013,SB005,69,도덕,도덕
S0014,SB005,79,도덕,도덕
S0015,SB005,53,도덕,도덕
S0016,SB005,60,도덕,도덕
S0017,SB005,99,도덕,도덕
S0018,SB005,77,도덕,도덕
S0019,SB005,65,도덕,도덕
S0020,SB005,68,도덕,도덕
S0021,SB005,83,도덕,도덕
S0022,SB005,87,도덕,도덕
S0023,SB005,86,도덕,도덕
S0024,SB005,69,도덕,도덕
S0025,SB005,61,도덕,도덕
S0026,SB005,75,도덕,도덕
S0027,SB005,54,도덕,도덕
S0028,SB005,61,도덕,도덕
S0029,SB005,79,도덕,도덕
S0030,SB005,87,도덕,도덕
S0031,SB005,96,도덕,도덕
S0032,SB005,61,도덕,도덕
S0033,SB005,91,도덕,도덕
S0034,SB005,93,도덕,도덕
S0035,SB005,58,도덕,도덕
S0036,SB005,63,도덕,도덕
S0037,SB005,97,도덕,도덕
S0038,SB005,59,도덕,도덕
S0039,SB005,90,도덕,도덕
S0040,SB005,100,도덕,도덕
S0041,SB005,70,도덕,도덕
S0042,SB005,99,도덕,도덕
S0043,SB005,73,도덕,도덕
S0044,SB005,94,도덕,도덕
S0045,SB005,63,도덕,도덕
S0046,SB005,86,도덕,도덕
S0047,SB005,52,도덕,도덕
S0048,SB005,76,도덕,도덕
S0049,SB005,58,도덕,도덕
S0050,SB005,83,도덕,도덕
S0051,SB005,90,도덕,도덕
S0052,SB005,72,도덕,도덕
S0053,SB005,75,도덕,도덕
S0054,SB005,59,도덕,도덕
S0055,SB005,79,도덕,도덕
S0056,SB005,63,도덕,도덕
S0057,SB005,55,도덕,도덕
S0058,SB005,97,도덕,도덕
S0059,SB005,94,도덕,도덕
S0060,SB005,93,도덕,도덕
S0061,SB005,73,도덕,도덕
S0062,SB005,69,도덕,도덕
S0063,SB005,57,도덕,도덕
S0064,SB005,100,도덕,도덕
S0065,SB005,83,도덕,도덕
S0066,SB005,96,도덕,도덕
S0067,SB005,50,도덕,도덕
S0068,SB005,96,도덕,도덕
S0069,SB005,88,도덕,도덕
S0070,SB005,86,도덕,도덕
S0071,SB005,81,도덕,도덕
S0072,SB005,79,도덕,도덕
S0073,SB005,78,도덕,도덕
S0074,SB005,55,도덕,도덕
S0075,SB005,60,도덕,도덕
S0076,SB005,81,도덕,도덕
S0077,SB005,81,도덕,도덕
S0078,SB005,98,도덕,도덕
S0079,SB005,89,도덕,도덕
S0080,SB005,58,도덕,도덕
S0081,SB005,96,도덕,도덕
S0082,SB005,80,도덕,도덕
S0083,SB005,98,도덕,도덕
S0084,SB005,71,도덕,도덕
S0085,SB005,75,도덕,도덕
S0086,SB005,54,도덕,도덕
S0087,SB005,79,도덕,도덕
S0088,SB005,92,도덕,도덕
S0089,SB005,92,도덕,도덕
S0090,SB005,96,도덕,도덕
S0091,SB005,62,도덕,도덕
S0092,SB005,51,도덕,도덕
S0093,SB005,79,도덕,도덕
S0094,SB005,79,도덕,도덕
S0095,SB005,69,도덕,도덕
S0096,SB005,78,도덕,도덕
S0097,SB005,58,도덕,도덕
S0098,SB005,51,도덕,도덕
S0099,SB005,55,도덕,도덕
S0100,SB005,78,도덕,도덕
S0001,SB002,98,과학,과학
S0002,SB002,73,과학,과학
S0003,SB002,57,과학,과학
S0004,SB002,70,과학,과학
S0005,SB002,83,과학,과학
S0006,SB002,50,과학,과학
S0007,SB002,79,과학,과학
S0008,SB002,54,과학,과학
S0009,SB002,81,과학,과학
S0010,SB002,97,과학,과학
S0011,SB002,74,과학,과학
S0012,SB002,52,과학,과학
S0013,SB002,82,과학,과학
S0014,SB002,55,과학,과학
S0015,SB002,83,과학,과학
S0016,SB002,83,과학,과학
S0017,SB002,62,과학,과학
S0018,SB002,79,과학,과학
S0019,SB002,78,과학,과학
S0020,SB002,97,과학,과학
S0021,SB002,99,과학,과학
S0022,SB002,82,과학,과학
S0023,SB002,56,과학,과학
S0024,SB002,59,과학,과학
S0025,SB002,82,과학,과학
S0026,SB002,53,과학,과학
S0027,SB002,68,과학,과학
S0028,SB002,68,과학,과학
S0029,SB002,99,과학,과학
S0030,SB002,83,과학,과학
S0031,SB002,61,과학,과학
S0032,SB002,79,과학,과학
S0033,SB002,81,과학,과학
S0034,SB002,98,과학,과학
S0035,SB002,82,과학,과학
S0036,SB002,60,과학,과학
S0037,SB002,81,과학,과학
S0038,SB002,94,과학,과학
S0039,SB002,71,과학,과학
S0040,SB002,66,과학,과학
S0041,SB002,67,과학,과학
S0042,SB002,67,과학,과학
S0043,SB002,86,과학,과학
S0044,SB002,61,과학,과학
S0045,SB002,83,과학,과학
S0046,SB002,57,과학,과학
S0047,SB002,93,과학,과학
S0048,SB002,64,과학,과학
S0049,SB002,65,과학,과학
S0050,SB002,81,과학,과학
S0051,SB002,56,과학,과학
S0052,SB002,72,과학,과학
S0053,SB002,64,과학,과학
S0054,SB002,54,과학,과학
S0055,SB002,81,과학,과학
S0056,SB002,50,과학,과학
S0057,SB002,98,과학,과학
S0058,SB002,60,과학,과학
S0059,SB002,92,과학,과학
S0060,SB002,85,과학,과학
S0061,SB002,79,과학,과학
S0062,SB002,88,과학,과학
S0063,SB002,81,과학,과학
S0064,SB002,74,과학,과학
S0065,SB002,56,과학,과학
S0066,SB002,87,과학,과학
S0067,SB002,58,과학,과학
S0068,SB002,86,과학,과학
S0069,SB002,80,과학,과학
S0070,SB002,73,과학,과학
S0071,SB002,78,과학,과학
S0072,SB002,75,과학,과학
S0073,SB002,73,과학,과학
S0074,SB002,94,과학,과학
S0075,SB002,65,과학,과학
S0076,SB002,76,과학,과학
S0077,SB002,55,과학,과학
S0078,SB002,70,과학,과학
S0079,SB002,81,과학,과학
S0080,SB002,69,과학,과학
S0081,SB002,50,과학,과학
S0082,SB002,70,과학,과학
S0083,SB002,86,과학,과학
S0084,SB002,100,과학,과학
S0085,SB002,95,과학,과학
S0086,SB002,73,과학,과학
S0087,SB002,84,과학,과학
S0088,SB002,67,과학,과학
S0089,SB002,65,과학,과학
S0090,SB002,84,과학,과학
S0091,SB002,75,과학,과학
S0092,SB002,71,과학,과학
S0093,SB002,70,과학,과학
S0094,SB002,63,과학,과학
S0095,SB002,55,과학,과학
S0096,SB002,61,과학,과학
S0097,SB002,69,과학,과학
S0098,SB002,61,과학,과학
S0099,SB002,89,과학,과학
S0100,SB002,100,과학,과학
S0001,SB014,81,음악,음악
S0002,SB014,84,음악,음악
S0003,SB014,60,음악,음악
S0004,SB014,98,음악,음악
S0005,SB014,77,음악,음악
S0006,SB014,60,음악,음악
S0007,SB014,84,음악,음악
S0008,SB014,66,음악,음악
S0009,SB014,69,음악,음악
S0010,SB014,56,음악,음악
S0011,SB014,96,음악,음악
S0012,SB014,55,음악,음악
S0013,SB014,62,음악,음악
S0014,SB014,59,음악,음악
S0015,SB014,59,음악,음악
S0016,SB014,66,음악,음악
S0017,SB014,85,음악,음악
S0018,SB014,56,음악,음악
S0019,SB014,65,음악,음악
S0020,SB014,90,음악,음악
S0021,SB014,51,음악,음악
S0022,SB014,62,음악,음악
S0023,SB014,76,음악,음악
S0024,SB014,69,음악,음악
S0025,SB014,61,음악,음악
S0026,SB014,81,음악,음악
S0027,SB014,89,음악,음악
S0028,SB014,64,음악,음악
S0029,SB014,75,음악,음악
S0030,SB014,82,음악,음악
S0031,SB014,92,음악,음악
S0032,SB014,92,음악,음악
S0033,SB014,61,음악,음악
S0034,SB014,90,음악,음악
S0035,SB014,65,음악,음악
S0036,SB014,100,음악,음악
S0037,SB014,57,음악,음악
S0038,SB014,73,음악,음악
S0039,SB014,79,음악,음악
S0040,SB014,68,음악,음악
S0041,SB014,84,음악,음악
S0042,SB014,97,음악,음악
S0043,SB014,98,음악,음악
S0044,SB014,64,음악,음악
S0045,SB014,78,음악,음악
S0046,SB014,87,음악,음악
S0047,SB014,63,음악,음악
S0048,SB014,99,음악,음악
S0049,SB014,96,음악,음악
S0050,SB014,76,음악,음악
S0051,SB014,87,음악,음악
S0052,SB014,54,음악,음악
S0053,SB014,65,음악,음악
S0054,SB014,93,음악,음악
S0055,SB014,64,음악,음악
S0056,SB014,69,음악,음악
S0057,SB014,100,음악,음악
S0058,SB014,60,음악,음악
S0059,SB014,56,음악,음악
S0060,SB014,60,음악,음악
S0061,SB014,50,음악,음악
S0062,SB014,79,음악,음악
S0063,SB014,61,음악,음악
S0064,SB014,78,음악,음악
S0065,SB014,66,음악,음악
S0066,SB014,98,음악,음악
S0067,SB014,88,음악,음악
S0068,SB014,83,음악,음악
S0069,SB014,56,음악,음악
S0070,SB014,72,음악,음악
S0071,SB014,85,음악,음악
S0072,SB014,87,음악,음악
S0073,SB014,58,음악,음악
S0074,SB014,50,음악,음악
S0075,SB014,52,음악,음악
S0076,SB014,79,음악,음악
S0077,SB014,87,음악,음악
S0078,SB014,95,음악,음악
S0079,SB014,96,음악,음악
S0080,SB014,80,음악,음악
S0081,SB014,99,음악,음악
S0082,SB014,94,음악,음악
S0083,SB014,100,음악,음악
S0084,SB014,97,음악,음악
S0085,SB014,58,음악,음악
S0086,SB014,87,음악,음악
S0087,SB014,83,음악,음악
S0088,SB014,91,음악,음악
S0089,SB014,98,음악,음악
S0090,SB014,74,음악,음악
S0091,SB014,77,음악,음악
S0092,SB014,94,음악,음악
S0093,SB014,79,음악,음악
S0094,SB014,93,음악,음악
S0095,SB014,95,음악,음악
S0096,SB014,79,음악,음악
S0097,SB014,78,음악,음악
S0098,SB014,81,음악,음악
S0099,SB014,77,음악,음악
S0100,SB014,85,음악,음악
S0001,SB007,73,미술,미술
S0002,SB007,51,미술,미술
S0003,SB007,90,미술,미술
S0004,SB007,90,미술,미술
S0005,SB007,77,미술,미술
S0006,SB007,52,미술,미술
S0007,SB007,55,미술,미술
S0008,SB007,77,미술,미술
S0009,SB007,62,미술,미술
S0010,SB007,89,미술,미술
S0011,SB007,77,미술,미술
S0012,SB007,75,미술,미술
S0013,SB007,99,미술,미술
S0014,SB007,95,미술,미술
S0015,SB007,69,미술,미술
S0016,SB007,92,미술,미술
S0017,SB007,80,미술,미술
S0018,SB007,88,미술,미술
S0019,SB007,80,미술,미술
S0020,SB007,84,미술,미술
S0021,SB007,100,미술,미술
S0022,SB007,67,미술,미술
S0023,SB007,56,미술,미술
S0024,SB007,59,미술,미술
S0025,SB007,51,미술,미술
S0026,SB007,92,미술,미술
S0027,SB007,72,미술,미술
S0028,SB007,58,미술,미술
S0029,SB007,85,미술,미술
S0030,SB007,87,미술,미술
S0031,SB007,74,미술,미술
S0032,SB007,63,미술,미술
S0033,SB007,69,미술,미술
S0034,SB007,81,미술,미술
S0035,SB007,93,미술,미술
S0036,SB007,84,미술,미술
S0037,SB007,98,미술,미술
S0038,SB007,87,미술,미술
S0039,SB007,69,미술,미술
S0040,SB007,100,미술,미술
S0041,SB007,52,미술,미술
S0042,SB007,93,미술,미술
S0043,SB007,64,미술,미술
S0044,SB007,98,미술,미술
S0045,SB007,76,미술,미술
S0046,SB007,54,미술,미술
S0047,SB007,100,미술,미술
S0048,SB007,67,미술,미술
S0049,SB007,51,미술,미술
S0050,SB007,58,미술,미술
S0051,SB007,85,미술,미술
S0052,SB007,91,미술,미술
S0053,SB007,80,미술,미술
S0054,SB007,59,미술,미술
S0055,SB007,58,미술,미술
S0056,SB007,99,미술,미술
S0057,SB007,95,미술,미술
S0058,SB007,87,미술,미술
S0059,SB007,59,미술,미술
S0060,SB007,84,미술,미술
S0061,SB007,87,미술,미술
S0062,SB007,63,미술,미술
S0063,SB007,60,미술,미술
S0064,SB007,58,미술,미술
S0065,SB007,65,미술,미술
S0066,SB007,84,미술,미술
S0067,SB007,99,미술,미술
S0068,SB007,100,미술,미술
S0069,SB007,73,미술,미술
S0070,SB007,74,미술,미술
S0071,SB007,83,미술,미술
S0072,SB007,67,미술,미술
S0073,SB007,55,미술,미술
S0074,SB007,100,미술,미술
S0075,SB007,73,미술,미술
S0076,SB007,83,미술,미술
S0077,SB007,88,미술,미술
S0078,SB007,82,미술,미술
S0079,SB007,51,미술,미술
S0080,SB007,51,미술,미술
S0081,SB007,92,미술,미술
S0082,SB007,65,미술,미술
S0083,SB007,91,미술,미술
S0084,SB007,70,미술,미술
S0085,SB007,70,미술,미술
S0086,SB007,92,미술,미술
S0087,SB007,96,미술,미술
S0088,SB007,83,미술,미술
S0089,SB007,69,미술,미술
S0090,SB007,57,미술,미술
S0091,SB007,75,미술,미술
S0092,SB007,100,미술,미술
S0093,SB007,83,미술,미술
S0094,SB007,89,미술,미술
S0095,SB007,83,미술,미술
S0096,SB007,61,미술,미술
S0097,SB007,50,미술,미술
S0098,SB007,90,미술,미술
S0099,SB007,87,미술,미술
S0100,SB007,86,미술,미술
S0001,SB017,55,한국사,한국사
S0002,SB017,80,한국사,한국사
S0003,SB017,91,한국사,한국사
S0004,SB017,72,한국사,한국사
S0005,SB017,63,한국사,한국사
S0006,SB017,78,한국사,한국사
S0007,SB017,66,한국사,한국사
S0008,SB017,91,한국사,한국사
S0009,SB017,57,한국사,한국사
S0010,SB017,79,한국사,한국사
S0011,SB017,80,한국사,한국사
S0012,SB017,92,한국사,한국사
S0013,SB017,82,한국사,한국사
S0014,SB017,72,한국사,한국사
S0015,SB017,84,한국사,한국사
S0016,SB017,86,한국사,한국사
S0017,SB017,85,한국사,한국사
S0018,SB017,57,한국사,한국사
S0019,SB017,63,한국사,한국사
S0020,SB017,83,한국사,한국사
S0021,SB017,80,한국사,한국사
S0022,SB017,50,한국사,한국사
S0023,SB017,74,한국사,한국사
S0024,SB017,89,한국사,한국사
S0025,SB017,100,한국사,한국사
S0026,SB017,68,한국사,한국사
S0027,SB017,50,한국사,한국사
S0028,SB017,86,한국사,한국사
S0029,SB017,81,한국사,한국사
S0030,SB017,53,한국사,한국사
S0031,SB017,50,한국사,한국사
S0032,SB017,71,한국사,한국사
S0033,SB017,92,한국사,한국사
S0034,SB017,77,한국사,한국사
S0035,SB017,83,한국사,한국사
S0036,SB017,78,한국사,한국사
S0037,SB017,97,한국사,한국사
S0038,SB017,65,한국사,한국사
S0039,SB017,84,한국사,한국사
S0040,SB017,87,한국사,한국사
S0041,SB017,93,한국사,한국사
S0042,SB017,73,한국사,한국사
S0043,SB017,95,한국사,한국사
S0044,SB017,59,한국사,한국사
S0045,SB017,66,한국사,한국사
S0046,SB017,90,한국사,한국사
S0047,SB017,77,한국사,한국사
S0048,SB017,59,한국사,한국사
S0049,SB017,97,한국사,한국사
S0050,SB017,70,한국사,한국사
S0051,SB017,54,한국사,한국사
S0052,SB017,64,한국사,한국사
S0053,SB017,78,한국사,한국사
S0054,SB017,76,한국사,한국사
S0055,SB017,66,한국사,한국사
S0056,SB017,55,한국사,한국사
S0057,SB017,90,한국사,한국사
S0058,SB017,100,한국사,한국사
S0059,SB017,86,한국사,한국사
S0060,SB017,68,한국사,한국사
S0061,SB017,79,한국사,한국사
S0062,SB017,69,한국사,한국사
S0063,SB017,61,한국사,한국사
S0064,SB017,59,한국사,한국사
S0065,SB017,94,한국사,한국사
S0066,SB017,90,한국사,한국사
S0067,SB017,63,한국사,한국사
S0068,SB017,88,한국사,한국사
S0069,SB017,82,한국사,한국사
S0070,SB017,83,한국사,한국사
S0071,SB017,65,한국사,한국사
S0072,SB017,56,한국사,한국사
S0073,SB017,95,한국사,한국사
S0074,SB017,100,한국사,한국사
S0075,SB017,75,한국사,한국사
S0076,SB017,74,한국사,한국사
S0077,SB017,73,한국사,한국사
S0078,SB017,95,한국사,한국사
S0079,SB017,63,한국사,한국사
S0080,SB017,87,한국사,한국사
S0081,SB017,54,한국사,한국사
S0082,SB017,77,한국사,한국사
S0083,SB017,83,한국사,한국사
S0084,SB017,87,한국사,한국사
S0085,SB017,60,한국사,한국사
S0086,SB017,53,한국사,한국사
S0087,SB017,72,한국사,한국사
S0088,SB017,62,한국사,한국사
S0089,SB017,98,한국사,한국사
S0090,SB017,91,한국사,한국사
S0091,SB017,75,한국사,한국사
S0092,SB017,64,한국사,한국사
S0093,SB017,66,한국사,한국사
S0094,SB017,50,한국사,한국사
S0095,SB017,55,한국사,한국사
S0096,SB017,58,한국사,한국사
S0097,SB017,97,한국사,한국사
S0098,SB017,57,한국사,한국사
S0099,SB017,67,한국사,한국사
S0100,SB017,85,한국사,한국사
S0001,SB018,93,한국지리,한국지리
S0002,SB018,94,한국지리,한국지리
S0003,SB018,56,한국지리,한국지리
S0004,SB018,100,한국지리,한국지리
S0005,SB018,57,한국지리,한국지리
S0006,SB018,69,한국지리,한국지리
S0007,SB018,52,한국지리,한국지리
S0008,SB018,96,한국지리,한국지리
S0009,SB018,82,한국지리,한국지리
S0010,SB018,58,한국지리,한국지리
S0011,SB018,66,한국지리,한국지리
S0012,SB018,85,한국지리,한국지리
S0013,SB018,65,한국지리,한국지리
S0014,SB018,89,한국지리,한국지리
S0015,SB018,77,한국지리,한국지리
S0016,SB018,70,한국지리,한국지리
S0017,SB018,92,한국지리,한국지리
S0018,SB018,83,한국지리,한국지리
S0019,SB018,86,한국지리,한국지리
S0020,SB018,72,한국지리,한국지리
S0021,SB018,94,한국지리,한국지리
S0022,SB018,90,한국지리,한국지리
S0023,SB018,98,한국지리,한국지리
S0024,SB018,83,한국지리,한국지리
S0025,SB018,75,한국지리,한국지리
S0026,SB018,98,한국지리,한국지리
S0027,SB018,65,한국지리,한국지리
S0028,SB018,58,한국지리,한국지리
S0029,SB018,70,한국지리,한국지리
S0030,SB018,56,한국지리,한국지리
S0031,SB018,80,한국지리,한국지리
S0032,SB018,83,한국지리,한국지리
S0033,SB018,77,한국지리,한국지리
S0034,SB018,60,한국지리,한국지리
S0035,SB018,52,한국지리,한국지리
S0036,SB018,74,한국지리,한국지리
S0037,SB018,95,한국지리,한국지리
S0038,SB018,66,한국지리,한국지리
S0039,SB018,68,한국지리,한국지리
S0040,SB018,93,한국지리,한국지리
S0041,SB018,77,한국지리,한국지리
S0042,SB018,76,한국지리,한국지리
S0043,SB018,61,한국지리,한국지리
S0044,SB018,58,한국지리,한국지리
S0045,SB018,78,한국지리,한국지리
S0046,SB018,60,한국지리,한국지리
S0047,SB018,62,한국지리,한국지리
S0048,SB018,64,한국지리,한국지리
S0049,SB018,96,한국지리,한국지리
S0050,SB018,62,한국지리,한국지리
S0051,SB018,50,한국지리,한국지리
S0052,SB018,63,한국지리,한국지리
S0053,SB018,80,한국지리,한국지리
S0054,SB018,64,한국지리,한국지리
S0055,SB018,88,한국지리,한국지리
S0056,SB018,65,한국지리,한국지리
S0057,SB018,58,한국지리,한국지리
S0058,SB018,96,한국지리,한국지리
S0059,SB018,53,한국지리,한국지리
S0060,SB018,98,한국지리,한국지리
S0061,SB018,66,한국지리,한국지리
S0062,SB018,50,한국지리,한국지리
S0063,SB018,90,한국지리,한국지리
S0064,SB018,100,한국지리,한국지리
S0065,SB018,72,한국지리,한국지리
S0066,SB018,93,한국지리,한국지리
S0067,SB018,89,한국지리,한국지리
S0068,SB018,89,한국지리,한국지리
S0069,SB018,67,한국지리,한국지리
S0070,SB018,96,한국지리,한국지리
S0071,SB018,77,한국지리,한국지리
S0072,SB018,70,한국지리,한국지리
S0073,SB018,57,한국지리,한국지리
S0074,SB018,75,한국지리,한국지리
S0075,SB018,97,한국지리,한국지리
S0076,SB018,79,한국지리,한국지리
S0077,SB018,87,한국지리,한국지리
S0078,SB018,59,한국지리,한국지리
S0079,SB018,90,한국지리,한국지리
S0080,SB018,93,한국지리,한국지리
S0081,SB018,95,한국지리,한국지리
S0082,SB018,80,한국지리,한국지리
S0083,SB018,89,한국지리,한국지리
S0084,SB018,67,한국지리,한국지리
S0085,SB018,92,한국지리,한국지리
S0086,SB018,94,한국지리,한국지리
S0087,SB018,54,한국지리,한국지리
S0088,SB018,84,한국지리,한국지리
S0089,SB018,66,한국지리,한국지리
S0090,SB018,82,한국지리,한국지리
S0091,SB018,76,한국지리,한국지리
S0092,SB018,89,한국지리,한국지리
S0093,SB018,55,한국지리,한국지리
S0094,SB018,53,한국지리,한국지리
S0095,SB018,93,한국지리,한국지리
S0096,SB018,51,한국지리,한국지리
S0097,SB018,56,한국지리,한국지리
S0098,SB018,80,한국지리,한국지리
S0099,SB018,60,한국지리,한국지리
S0100,SB018,92,한국지리,한국지리
S0001,SB019,61,한문,한문
S0002,SB019,55,한문,한문
S0003,SB019,56,한문,한문
S0004,SB019,97,한문,한문
S0005,SB019,87,한문,한문
S0006,SB019,74,한문,한문
S0007,SB019,56,한문,한문
S0008,SB019,75,한문,한문
S0009,SB019,50,한문,한문
S0010,SB019,80,한문,한문
S0011,SB019,58,한문,한문
S0012,SB019,89,한문,한문
S0013,SB019,84,한문,한문
S0014,SB019,94,한문,한문
S0015,SB019,55,한문,한문
S0016,SB019,98,한문,한문
S0017,SB019,83,한문,한문
S0018,SB019,61,한문,한문
S0019,SB019,72,한문,한문
S0020,SB019,61,한문,한문
S0021,SB019,93,한문,한문
S0022,SB019,86,한문,한문
S0023,SB019,66,한문,한문
S0024,SB019,66,한문,한문
S0025,SB019,53,한문,한문
S0026,SB019,100,한문,한문
S0027,SB019,64,한문,한문
S0028,SB019,99,한문,한문
S0029,SB019,84,한문,한문
S0030,SB019,65,한문,한문
S0031,SB019,59,한문,한문
S0032,SB019,52,한문,한문
S0033,SB019,91,한문,한문
S0034,SB019,85,한문,한문
S0035,SB019,51,한문,한문
S0036,SB019,76,한문,한문
S0037,SB019,78,한문,한문
S0038,SB019,56,한문,한문
S0039,SB019,64,한문,한문
S0040,SB019,80,한문,한문
S0041,SB019,79,한문,한문
S0042,SB019,86,한문,한문
S0043,SB019,64,한문,한문
S0044,SB019,85,한문,한문
S0045,SB019,58,한문,한문
S0046,SB019,80,한문,한문
S0047,SB019,75,한문,한문
S0048,SB019,96,한문,한문
S0049,SB019,73,한문,한문
S0050,SB019,71,한문,한문
S0051,SB019,90,한문,한문
S0052,SB019,78,한문,한문
S0053,SB019,57,한문,한문
S0054,SB019,100,한문,한문
S0055,SB019,51,한문,한문
S0056,SB019,69,한문,한문
S0057,SB019,84,한문,한문
S0058,SB019,65,한문,한문
S0059,SB019,77,한문,한문
S0060,SB019,63,한문,한문
S0061,SB019,82,한문,한문
S0062,SB019,90,한문,한문
S0063,SB019,75,한문,한문
S0064,SB019,58,한문,한문
S0065,SB019,80,한문,한문
S0066,SB019,95,한문,한문
S0067,SB019,72,한문,한문
S0068,SB019,100,한문,한문
S0069,SB019,93,한문,한문
S0070,SB019,60,한문,한문
S0071,SB019,93,한문,한문
S0072,SB019,100,한문,한문
S0073,SB019,81,한문,한문
S0074,SB019,71,한문,한문
S0075,SB019,87,한문,한문
S0076,SB019,54,한문,한문
S0077,SB019,63,한문,한문
S0078,SB019,69,한문,한문
S0079,SB019,98,한문,한문
S0080,SB019,63,한문,한문
S0081,SB019,60,한문,한문
S0082,SB019,99,한문,한문
S0083,SB019,100,한문,한문
S0084,SB019,77,한문,한문
S0085,SB019,57,한문,한문
S0086,SB019,75,한문,한문
S0087,SB019,64,한문,한문
S0088,SB019,90,한문,한문
S0089,SB019,68,한문,한문
S0090,SB019,66,한문,한문
S0091,SB019,62,한문,한문
S0092,SB019,50,한문,한문
S0093,SB019,51,한문,한문
S0094,SB019,77,한문,한문
S0095,SB019,71,한문,한문
S0096,SB019,66,한문,한문
S0097,SB019,72,한문,한문
S0098,SB019,92,한문,한문
S0099,SB019,85,한문,한문
S0100,SB019,76,한문,한문
S0001,SB009,64,세계사,세계사
S0002,SB009,77,세계사,세계사
S0003,SB009,91,세계사,세계사
S0004,SB009,79,세계사,세계사
S0005,SB009,54,세계사,세계사
S0006,SB009,78,세계사,세계사
S0007,SB009,65,세계사,세계사
S0008,SB009,77,세계사,세계사
S0009,SB009,82,세계사,세계사
S0010,SB009,78,세계사,세계사
S0011,SB009,64,세계사,세계사
S0012,SB009,97,세계사,세계사
S0013,SB009,57,세계사,세계사
S0014,SB009,76,세계사,세계사
S0015,SB009,87,세계사,세계사
S0016,SB009,62,세계사,세계사
S0017,SB009,61,세계사,세계사
S0018,SB009,64,세계사,세계사
S0019,SB009,87,세계사,세계사
S0020,SB009,51,세계사,세계사
S0021,SB009,64,세계사,세계사
S0022,SB009,80,세계사,세계사
S0023,SB009,63,세계사,세계사
S0024,SB009,99,세계사,세계사
S0025,SB009,91,세계사,세계사
S0026,SB009,100,세계사,세계사
S0027,SB009,63,세계사,세계사
S0028,SB009,68,세계사,세계사
S0029,SB009,73,세계사,세계사
S0030,SB009,56,세계사,세계사
S0031,SB009,98,세계사,세계사
S0032,SB009,90,세계사,세계사
S0033,SB009,90,세계사,세계사
S0034,SB009,75,세계사,세계사
S0035,SB009,85,세계사,세계사
S0036,SB009,87,세계사,세계사
S0037,SB009,52,세계사,세계사
S0038,SB009,83,세계사,세계사
S0039,SB009,66,세계사,세계사
S0040,SB009,90,세계사,세계사
S0041,SB009,57,세계사,세계사
S0042,SB009,82,세계사,세계사
S0043,SB009,82,세계사,세계사
S0044,SB009,96,세계사,세계사
S0045,SB009,92,세계사,세계사
S0046,SB009,97,세계사,세계사
S0047,SB009,65,세계사,세계사
S0048,SB009,86,세계사,세계사
S0049,SB009,50,세계사,세계사
S0050,SB009,83,세계사,세계사
S0051,SB009,99,세계사,세계사
S0052,SB009,98,세계사,세계사
S0053,SB009,70,세계사,세계사
S0054,SB009,90,세계사,세계사
S0055,SB009,84,세계사,세계사
S0056,SB009,52,세계사,세계사
S0057,SB009,50,세계사,세계사
S0058,SB009,99,세계사,세계사
S0059,SB009,82,세계사,세계사
S0060,SB009,70,세계사,세계사
S0061,SB009,57,세계사,세계사
S0062,SB009,78,세계사,세계사
S0063,SB009,83,세계사,세계사
S0064,SB009,65,세계사,세계사
S0065,SB009,51,세계사,세계사
S0066,SB009,82,세계사,세계사
S0067,SB009,73,세계사,세계사
S0068,SB009,93,세계사,세계사
S0069,SB009,90,세계사,세계사
S0070,SB009,51,세계사,세계사
S0071,SB009,92,세계사,세계사
S0072,SB009,83,세계사,세계사
S0073,SB009,86,세계사,세계사
S0074,SB009,96,세계사,세계사
S0075,SB009,80,세계사,세계사
S0076,SB009,52,세계사,세계사
S0077,SB009,70,세계사,세계사
S0078,SB009,89,세계사,세계사
S0079,SB009,50,세계사,세계사
S0080,SB009,99,세계사,세계사
S0081,SB009,67,세계사,세계사
S0082,SB009,67,세계사,세계사
S0083,SB009,91,세계사,세계사
S0084,SB009,59,세계사,세계사
S0085,SB009,69,세계사,세계사
S0086,SB009,88,세계사,세계사
S0087,SB009,55,세계사,세계사
S0088,SB009,83,세계사,세계사
S0089,SB009,97,세계사,세계사
S0090,SB009,53,세계사,세계사
S0091,SB009,92,세계사,세계사
S0092,SB009,68,세계사,세계사
S0093,SB009,88,세계사,세계사
S0094,SB009,57,세계사,세계사
S0095,SB009,100,세계사,세계사
S0096,SB009,92,세계사,세계사
S0097,SB009,67,세계사,세계사
S0098,SB009,93,세계사,세계사
S0099,SB009,54,세계사,세계사
S0100,SB009,89,세계사,세계사
S0001,SB010,80,세계지리,세계지리
S0002,SB010,68,세계지리,세계지리
S0003,SB010,73,세계지리,세계지리
S0004,SB010,51,세계지리,세계지리
S0005,SB010,69,세계지리,세계지리
S0006,SB010,81,세계지리,세계지리
S0007,SB010,70,세계지리,세계지리
S0008,SB010,86,세계지리,세계지리
S0009,SB010,88,세계지리,세계지리
S0010,SB010,56,세계지리,세계지리
S0011,SB010,86,세계지리,세계지리
S0012,SB010,56,세계지리,세계지리
S0013,SB010,90,세계지리,세계지리
S0014,SB010,93,세계지리,세계지리
S0015,SB010,87,세계지리,세계지리
S0016,SB010,57,세계지리,세계지리
S0017,SB010,77,세계지리,세계지리
S0018,SB010,59,세계지리,세계지리
S0019,SB010,95,세계지리,세계지리
S0020,SB010,86,세계지리,세계지리
S0021,SB010,65,세계지리,세계지리
S0022,SB010,74,세계지리,세계지리
S0023,SB010,81,세계지리,세계지리
S0024,SB010,98,세계지리,세계지리
S0025,SB010,87,세계지리,세계지리
S0026,SB010,61,세계지리,세계지리
S0027,SB010,98,세계지리,세계지리
S0028,SB010,93,세계지리,세계지리
S0029,SB010,60,세계지리,세계지리
S0030,SB010,58,세계지리,세계지리
S0031,SB010,54,세계지리,세계지리
S0032,SB010,98,세계지리,세계지리
S0033,SB010,67,세계지리,세계지리
S0034,SB010,72,세계지리,세계지리
S0035,SB010,64,세계지리,세계지리
S0036,SB010,60,세계지리,세계지리
S0037,SB010,54,세계지리,세계지리
S0038,SB010,59,세계지리,세계지리
S0039,SB010,72,세계지리,세계지리
S0040,SB010,87,세계지리,세계지리
S0041,SB010,74,세계지리,세계지리
S0042,SB010,57,세계지리,세계지리
S0043,SB010,89,세계지리,세계지리
S0044,SB010,94,세계지리,세계지리
S0045,SB010,76,세계지리,세계지리
S0046,SB010,78,세계지리,세계지리
S0047,SB010,65,세계지리,세계지리
S0048,SB010,96,세계지리,세계지리
S0049,SB010,64,세계지리,세계지리
S0050,SB010,54,세계지리,세계지리
S0051,SB010,92,세계지리,세계지리
S0052,SB010,67,세계지리,세계지리
S0053,SB010,92,세계지리,세계지리
S0054,SB010,52,세계지리,세계지리
S0055,SB010,84,세계지리,세계지리
S0056,SB010,91,세계지리,세계지리
S0057,SB010,57,세계지리,세계지리
S0058,SB010,55,세계지리,세계지리
S0059,SB010,72,세계지리,세계지리
S0060,SB010,92,세계지리,세계지리
S0061,SB010,66,세계지리,세계지리
S0062,SB010,85,세계지리,세계지리
S0063,SB010,87,세계지리,세계지리
S0064,SB010,59,세계지리,세계지리
S0065,SB010,51,세계지리,세계지리
S0066,SB010,57,세계지리,세계지리
S0067,SB010,98,세계지리,세계지리
S0068,SB010,98,세계지리,세계지리
S0069,SB010,78,세계지리,세계지리
S0070,SB010,52,세계지리,세계지리
S0071,SB010,80,세계지리,세계지리
S0072,SB010,99,세계지리,세계지리
S0073,SB010,81,세계지리,세계지리
S0074,SB010,99,세계지리,세계지리
S0075,SB010,74,세계지리,세계지리
S0076,SB010,62,세계지리,세계지리
S0077,SB010,71,세계지리,세계지리
S0078,SB010,76,세계지리,세계지리
S0079,SB010,60,세계지리,세계지리
S0080,SB010,84,세계지리,세계지리
S0081,SB010,95,세계지리,세계지리
S0082,SB010,72,세계지리,세계지리
S0083,SB010,97,세계지리,세계지리
S0084,SB010,70,세계지리,세계지리
S0085,SB010,97,세계지리,세계지리
S0086,SB010,90,세계지리,세계지리
S0087,SB010,71,세계지리,세계지리
S0088,SB010,85,세계지리,세계지리
S0089,SB010,66,세계지리,세계지리
S0090,SB010,64,세계지리,세계지리
S0091,SB010,71,세계지리,세계지리
S0092,SB010,94,세계지리,세계지리
S0093,SB010,83,세계지리,세계지리
S0094,SB010,83,세계지리,세계지리
S0095,SB010,93,세계지리,세계지리
S0096,SB010,91,세계지리,세계지리
S0097,SB010,76,세계지리,세계지리
S0098,SB010,98,세계지리,세계지리
S0099,SB010,79,세계지리,세계지리
S0100,SB010,73,세계지리,세계지리
S0001,SB006,83,물리학,물리학
S0002,SB006,53,물리학,물리학
S0003,SB006,71,물리학,물리학
S0004,SB006,68,물리학,물리학
S0005,SB006,77,물리학,물리학
S0006,SB006,100,물리학,물리학
S0007,SB006,60,물리학,물리학
S0008,SB006,73,물리학,물리학
S0009,SB006,86,물리학,물리학
S0010,SB006,78,물리학,물리학
S0011,SB006,79,물리학,물리학
S0012,SB006,81,물리학,물리학
S0013,SB006,94,물리학,물리학
S0014,SB006,99,물리학,물리학
S0015,SB006,93,물리학,물리학
S0016,SB006,86,물리학,물리학
S0017,SB006,52,물리학,물리학
S0018,SB006,83,물리학,물리학
S0019,SB006,99,물리학,물리학
S0020,SB006,68,물리학,물리학
S0021,SB006,53,물리학,물리학
S0022,SB006,63,물리학,물리학
S0023,SB006,89,물리학,물리학
S0024,SB006,55,물리학,물리학
S0025,SB006,78,물리학,물리학
S0026,SB006,80,물리학,물리학
S0027,SB006,67,물리학,물리학
S0028,SB006,51,물리학,물리학
S0029,SB006,77,물리학,물리학
S0030,SB006,77,물리학,물리학
S0031,SB006,56,물리학,물리학
S0032,SB006,68,물리학,물리학
S0033,SB006,100,물리학,물리학
S0034,SB006,81,물리학,물리학
S0035,SB006,98,물리학,물리학
S0036,SB006,72,물리학,물리학
S0037,SB006,66,물리학,물리학
S0038,SB006,54,물리학,물리학
S0039,SB006,100,물리학,물리학
S0040,SB006,75,물리학,물리학
S0041,SB006,68,물리학,물리학
S0042,SB006,54,물리학,물리학
S0043,SB006,90,물리학,물리학
S0044,SB006,59,물리학,물리학
S0045,SB006,80,물리학,물리학
S0046,SB006,58,물리학,물리학
S0047,SB006,62,물리학,물리학
S0048,SB006,84,물리학,물리학
S0049,SB006,51,물리학,물리학
S0050,SB006,69,물리학,물리학
S0051,SB006,76,물리학,물리학
S0052,SB006,75,물리학,물리학
S0053,SB006,96,물리학,물리학
S0054,SB006,77,물리학,물리학
S0055,SB006,83,물리학,물리학
S0056,SB006,71,물리학,물리학
S0057,SB006,55,물리학,물리학
S0058,SB006,86,물리학,물리학
S0059,SB006,60,물리학,물리학
S0060,SB006,54,물리학,물리학
S0061,SB006,83,물리학,물리학
S0062,SB006,62,물리학,물리학
S0063,SB006,85,물리학,물리학
S0064,SB006,99,물리학,물리학
S0065,SB006,83,물리학,물리학
S0066,SB006,68,물리학,물리학
S0067,SB006,93,물리학,물리학
S0068,SB006,52,물리학,물리학
S0069,SB006,71,물리학,물리학
S0070,SB006,58,물리학,물리학
S0071,SB006,66,물리학,물리학
S0072,SB006,83,물리학,물리학
S0073,SB006,90,물리학,물리학
S0074,SB006,87,물리학,물리학
S0075,SB006,66,물리학,물리학
S0076,SB006,52,물리학,물리학
S0077,SB006,67,물리학,물리학
S0078,SB006,57,물리학,물리학
S0079,SB006,51,물리학,물리학
S0080,SB006,52,물리학,물리학
S0081,SB006,75,물리학,물리학
S0082,SB006,90,물리학,물리학
S0083,SB006,93,물리학,물리학
S0084,SB006,84,물리학,물리학
S0085,SB006,82,물리학,물리학
S0086,SB006,93,물리학,물리학
S0087,SB006,99,물리학,물리학
S0088,SB006,85,물리학,물리학
S0089,SB006,60,물리학,물리학
S0090,SB006,98,물리학,물리학
S0091,SB006,76,물리학,물리학
S0092,SB006,70,물리학,물리학
S0093,SB006,56,물리학,물리학
S0094,SB006,100,물리학,물리학
S0095,SB006,51,물리학,물리학
S0096,SB006,98,물리학,물리학
S0097,SB006,99,물리학,물리학
S0098,SB006,88,물리학,물리학
S0099,SB006,79,물리학,물리학
S0100,SB006,96,물리학,물리학
S0001,SB008,89,생물학,생물학
S0002,SB008,53,생물학,생물학
S0003,SB008,50,생물학,생물학
S0004,SB008,56,생물학,생물학
S0005,SB008,75,생물학,생물학
S0006,SB008,65,생물학,생물학
S0007,SB008,75,생물학,생물학
S0008,SB008,51,생물학,생물학
S0009,SB008,83,생물학,생물학
S0010,SB008,86,생물학,생물학
S0011,SB008,86,생물학,생물학
S0012,SB008,90,생물학,생물학
S0013,SB008,96,생물학,생물학
S0014,SB008,91,생물학,생물학
S0015,SB008,56,생물학,생물학
S0016,SB008,61,생물학,생물학
S0017,SB008,70,생물학,생물학
S0018,SB008,51,생물학,생물학
S0019,SB008,82,생물학,생물학
S0020,SB008,76,생물학,생물학
S0021,SB008,89,생물학,생물학
S0022,SB008,97,생물학,생물학
S0023,SB008,80,생물학,생물학
S0024,SB008,88,생물학,생물학
S0025,SB008,55,생물학,생물학
S0026,SB008,75,생물학,생물학
S0027,SB008,68,생물학,생물학
S0028,SB008,67,생물학,생물학
S0029,SB008,53,생물학,생물학
S0030,SB008,93,생물학,생물학
S0031,SB008,79,생물학,생물학
S0032,SB008,97,생물학,생물학
S0033,SB008,86,생물학,생물학
S0034,SB008,99,생물학,생물학
S0035,SB008,68,생물학,생물학
S0036,SB008,63,생물학,생물학
S0037,SB008,73,생물학,생물학
S0038,SB008,57,생물학,생물학
S0039,SB008,96,생물학,생물학
S0040,SB008,63,생물학,생물학
S0041,SB008,60,생물학,생물학
S0042,SB008,72,생물학,생물학
S0043,SB008,80,생물학,생물학
S0044,SB008,61,생물학,생물학
S0045,SB008,71,생물학,생물학
S0046,SB008,50,생물학,생물학
S0047,SB008,70,생물학,생물학
S0048,SB008,66,생물학,생물학
S0049,SB008,66,생물학,생물학
S0050,SB008,93,생물학,생물학
S0051,SB008,81,생물학,생물학
S0052,SB008,78,생물학,생물학
S0053,SB008,57,생물학,생물학
S0054,SB008,70,생물학,생물학
S0055,SB008,52,생물학,생물학
S0056,SB008,62,생물학,생물학
S0057,SB008,95,생물학,생물학
S0058,SB008,97,생물학,생물학
S0059,SB008,71,생물학,생물학
S0060,SB008,97,생물학,생물학
S0061,SB008,82,생물학,생물학
S0062,SB008,84,생물학,생물학
S0063,SB008,97,생물학,생물학
S0064,SB008,98,생물학,생물학
S0065,SB008,94,생물학,생물학
S0066,SB008,99,생물학,생물학
S0067,SB008,83,생물학,생물학
S0068,SB008,99,생물학,생물학
S0069,SB008,66,생물학,생물학
S0070,SB008,87,생물학,생물학
S0071,SB008,81,생물학,생물학
S0072,SB008,81,생물학,생물학
S0073,SB008,91,생물학,생물학
S0074,SB008,100,생물학,생물학
S0075,SB008,87,생물학,생물학
S0076,SB008,88,생물학,생물학
S0077,SB008,59,생물학,생물학
S0078,SB008,66,생물학,생물학
S0079,SB008,64,생물학,생물학
S0080,SB008,58,생물학,생물학
S0081,SB008,84,생물학,생물학
S0082,SB008,57,생물학,생물학
S0083,SB008,90,생물학,생물학
S0084,SB008,81,생물학,생물학
S0085,SB008,58,생물학,생물학
S0086,SB008,54,생물학,생물학
S0087,SB008,87,생물학,생물학
S0088,SB008,53,생물학,생물학
S0089,SB008,91,생물학,생물학
S0090,SB008,90,생물학,생물학
S0091,SB008,85,생물학,생물학
S0092,SB008,82,생물학,생물학
S0093,SB008,100,생물학,생물학
S0094,SB008,76,생물학,생물학
S0095,SB008,92,생물학,생물학
S0096,SB008,92,생물학,생물학
S0097,SB008,73,생물학,생물학
S0098,SB008,80,생물학,생물학
S0099,SB008,98,생물학,생물학
S0100,SB008,52,생물학,생물학
S0001,SB020,68,화학,화학
S0002,SB020,65,화학,화학
S0003,SB020,82,화학,화학
S0004,SB020,53,화학,화학
S0005,SB020,72,화학,화학
S0006,SB020,50,화학,화학
S0007,SB020,50,화학,화학
S0008,SB020,59,화학,화학
S0009,SB020,57,화학,화학
S0010,SB020,93,화학,화학
S0011,SB020,58,화학,화학
S0012,SB020,70,화학,화학
S0013,SB020,98,화학,화학
S0014,SB020,82,화학,화학
S0015,SB020,98,화학,화학
S0016,SB020,59,화학,화학
S0017,SB020,88,화학,화학
S0018,SB020,61,화학,화학
S0019,SB020,95,화학,화학
S0020,SB020,93,화학,화학
S0021,SB020,99,화학,화학
S0022,SB020,99,화학,화학
S0023,SB020,58,화학,화학
S0024,SB020,73,화학,화학
S0025,SB020,61,화학,화학
S0026,SB020,59,화학,화학
S0027,SB020,89,화학,화학
S0028,SB020,74,화학,화학
S0029,SB020,52,화학,화학
S0030,SB020,80,화학,화학
S0031,SB020,81,화학,화학
S0032,SB020,94,화학,화학
S0033,SB020,73,화학,화학
S0034,SB020,71,화학,화학
S0035,SB020,66,화학,화학
S0036,SB020,98,화학,화학
S0037,SB020,68,화학,화학
S0038,SB020,63,화학,화학
S0039,SB020,83,화학,화학
S0040,SB020,80,화학,화학
S0041,SB020,75,화학,화학
S0042,SB020,53,화학,화학
S0043,SB020,71,화학,화학
S0044,SB020,95,화학,화학
S0045,SB020,78,화학,화학
S0046,SB020,94,화학,화학
S0047,SB020,84,화학,화학
S0048,SB020,87,화학,화학
S0049,SB020,94,화학,화학
S0050,SB020,78,화학,화학
S0051,SB020,82,화학,화학
S0052,SB020,55,화학,화학
S0053,SB020,90,화학,화학
S0054,SB020,53,화학,화학
S0055,SB020,79,화학,화학
S0056,SB020,66,화학,화학
S0057,SB020,84,화학,화학
S0058,SB020,54,화학,화학
S0059,SB020,75,화학,화학
S0060,SB020,98,화학,화학
S0061,SB020,50,화학,화학
S0062,SB020,82,화학,화학
S0063,SB020,82,화학,화학
S0064,SB020,87,화학,화학
S0065,SB020,95,화학,화학
S0066,SB020,86,화학,화학
S0067,SB020,75,화학,화학
S0068,SB020,52,화학,화학
S0069,SB020,84,화학,화학
S0070,SB020,71,화학,화학
S0071,SB020,80,화학,화학
S0072,SB020,95,화학,화학
S0073,SB020,82,화학,화학
S0074,SB020,94,화학,화학
S0075,SB020,94,화학,화학
S0076,SB020,77,화학,화학
S0077,SB020,58,화학,화학
S0078,SB020,51,화학,화학
S0079,SB020,89,화학,화학
S0080,SB020,65,화학,화학
S0081,SB020,58,화학,화학
S0082,SB020,96,화학,화학
S0083,SB020,62,화학,화학
S0084,SB020,96,화학,화학
S0085,SB020,52,화학,화학
S0086,SB020,69,화학,화학
S0087,SB020,83,화학,화학
S0088,SB020,93,화학,화학
S0089,SB020,61,화학,화학
S0090,SB020,80,화학,화학
S0091,SB020,56,화학,화학
S0092,SB020,78,화학,화학
S0093,SB020,77,화학,화학
S0094,SB020,85,화학,화학
S0095,SB020,80,화학,화학
S0096,SB020,71,화학,화학
S0097,SB020,76,화학,화학
S0098,SB020,98,화학,화학
S0099,SB020,66,화학,화학
S0100,SB020,73,화학,화학
S0001,SB016,69,지구과학,지구과학
S0002,SB016,72,지구과학,지구과학
S0003,SB016,62,지구과학,지구과학
S0004,SB016,67,지구과학,지구과학
S0005,SB016,53,지구과학,지구과학
S0006,SB016,73,지구과학,지구과학
S0007,SB016,52,지구과학,지구과학
S0008,SB016,70,지구과학,지구과학
S0009,SB016,51,지구과학,지구과학
S0010,SB016,58,지구과학,지구과학
S0011,SB016,52,지구과학,지구과학
S0012,SB016,97,지구과학,지구과학
S0013,SB016,96,지구과학,지구과학
S0014,SB016,67,지구과학,지구과학
S0015,SB016,91,지구과학,지구과학
S0016,SB016,79,지구과학,지구과학
S0017,SB016,89,지구과학,지구과학
S0018,SB016,98,지구과학,지구과학
S0019,SB016,63,지구과학,지구과학
S0020,SB016,79,지구과학,지구과학
S0021,SB016,98,지구과학,지구과학
S0022,SB016,88,지구과학,지구과학
S0023,SB016,62,지구과학,지구과학
S0024,SB016,55,지구과학,지구과학
S0025,SB016,71,지구과학,지구과학
S0026,SB016,97,지구과학,지구과학
S0027,SB016,91,지구과학,지구과학
S0028,SB016,64,지구과학,지구과학
S0029,SB016,100,지구과학,지구과학
S0030,SB016,87,지구과학,지구과학
S0031,SB016,77,지구과학,지구과학
S0032,SB016,72,지구과학,지구과학
S0033,SB016,81,지구과학,지구과학
S0034,SB016,78,지구과학,지구과학
S0035,SB016,56,지구과학,지구과학
S0036,SB016,91,지구과학,지구과학
S0037,SB016,98,지구과학,지구과학
S0038,SB016,60,지구과학,지구과학
S0039,SB016,69,지구과학,지구과학
S0040,SB016,58,지구과학,지구과학
S0041,SB016,90,지구과학,지구과학
S0042,SB016,91,지구과학,지구과학
S0043,SB016,75,지구과학,지구과학
S0044,SB016,80,지구과학,지구과학
S0045,SB016,63,지구과학,지구과학
S0046,SB016,60,지구과학,지구과학
S0047,SB016,94,지구과학,지구과학
S0048,SB016,94,지구과학,지구과학
S0049,SB016,53,지구과학,지구과학
S0050,SB016,51,지구과학,지구과학
S0051,SB016,79,지구과학,지구과학
S0052,SB016,99,지구과학,지구과학
S0053,SB016,53,지구과학,지구과학
S0054,SB016,62,지구과학,지구과학
S0055,SB016,76,지구과학,지구과학
S0056,SB016,93,지구과학,지구과학
S0057,SB016,74,지구과학,지구과학
S0058,SB016,56,지구과학,지구과학
S0059,SB016,80,지구과학,지구과학
S0060,SB016,99,지구과학,지구과학
S0061,SB016,86,지구과학,지구과학
S0062,SB016,56,지구과학,지구과학
S0063,SB016,86,지구과학,지구과학
S0064,SB016,75,지구과학,지구과학
S0065,SB016,53,지구과학,지구과학
S0066,SB016,62,지구과학,지구과학
S0067,SB016,99,지구과학,지구과학
S0068,SB016,83,지구과학,지구과학
S0069,SB016,85,지구과학,지구과학
S0070,SB016,85,지구과학,지구과학
S0071,SB016,81,지구과학,지구과학
S0072,SB016,52,지구과학,지구과학
S0073,SB016,74,지구과학,지구과학
S0074,SB016,87,지구과학,지구과학
S0075,SB016,54,지구과학,지구과학
S0076,SB016,89,지구과학,지구과학
S0077,SB016,58,지구과학,지구과학
S0078,SB016,91,지구과학,지구과학
S0079,SB016,64,지구과학,지구과학
S0080,SB016,54,지구과학,지구과학
S0081,SB016,96,지구과학,지구과학
S0082,SB016,97,지구과학,지구과학
S0083,SB016,65,지구과학,지구과학
S0084,SB016,79,지구과학,지구과학
S0085,SB016,82,지구과학,지구과학
S0086,SB016,77,지구과학,지구과학
S0087,SB016,52,지구과학,지구과학
S0088,SB016,78,지구과학,지구과학
S0089,SB016,93,지구과학,지구과학
S0090,SB016,75,지구과학,지구과학
S0091,SB016,96,지구과학,지구과학
S0092,SB016,84,지구과학,지구과학
S0093,SB016,81,지구과학,지구과학
S0094,SB016,50,지구과학,지구과학
S0095,SB016,50,지구과학,지구과학
S0096,SB016,58,지구과학,지구과학
S0097,SB016,55,지구과학,지구과학
S0098,SB016,59,지구과학,지구과학
S0099,SB016,52,지구과학,지구과학
S0100,SB016,90,지구과학,지구과학
S0001,SB004,56,기술,기술
S0002,SB004,83,기술,기술
S0003,SB004,52,기술,기술
S0004,SB004,81,기술,기술
S0005,SB004,74,기술,기술
S0006,SB004,73,기술,기술
S0007,SB004,86,기술,기술
S0008,SB004,67,기술,기술
S0009,SB004,78,기술,기술
S0010,SB004,80,기술,기술
S0011,SB004,51,기술,기술
S0012,SB004,67,기술,기술
S0013,SB004,93,기술,기술
S0014,SB004,65,기술,기술
S0015,SB004,70,기술,기술
S0016,SB004,84,기술,기술
S0017,SB004,61,기술,기술
S0018,SB004,95,기술,기술
S0019,SB004,71,기술,기술
S0020,SB004,88,기술,기술
S0021,SB004,66,기술,기술
S0022,SB004,76,기술,기술
S0023,SB004,63,기술,기술
S0024,SB004,52,기술,기술
S0025,SB004,87,기술,기술
S0026,SB004,77,기술,기술
S0027,SB004,84,기술,기술
S0028,SB004,98,기술,기술
S0029,SB004,62,기술,기술
S0030,SB004,76,기술,기술
S0031,SB004,51,기술,기술
S0032,SB004,55,기술,기술
S0033,SB004,89,기술,기술
S0034,SB004,65,기술,기술
S0035,SB004,66,기술,기술
S0036,SB004,91,기술,기술
S0037,SB004,93,기술,기술
S0038,SB004,86,기술,기술
S0039,SB004,77,기술,기술
S0040,SB004,84,기술,기술
S0041,SB004,63,기술,기술
S0042,SB004,74,기술,기술
S0043,SB004,67,기술,기술
S0044,SB004,81,기술,기술
S0045,SB004,78,기술,기술
S0046,SB004,53,기술,기술
S0047,SB004,60,기술,기술
S0048,SB004,70,기술,기술
S0049,SB004,65,기술,기술
S0050,SB004,62,기술,기술
S0051,SB004,96,기술,기술
S0052,SB004,83,기술,기술
S0053,SB004,83,기술,기술
S0054,SB004,59,기술,기술
S0055,SB004,87,기술,기술
S0056,SB004,92,기술,기술
S0057,SB004,60,기술,기술
S0058,SB004,51,기술,기술
S0059,SB004,62,기술,기술
S0060,SB004,99,기술,기술
S0061,SB004,96,기술,기술
S0062,SB004,73,기술,기술
S0063,SB004,83,기술,기술
S0064,SB004,94,기술,기술
S0065,SB004,95,기술,기술
S0066,SB004,70,기술,기술
S0067,SB004,81,기술,기술
S0068,SB004,91,기술,기술
S0069,SB004,82,기술,기술
S0070,SB004,69,기술,기술
S0071,SB004,51,기술,기술
S0072,SB004,75,기술,기술
S0073,SB004,93,기술,기술
S0074,SB004,57,기술,기술
S0075,SB004,92,기술,기술
S0076,SB004,71,기술,기술
S0077,SB004,99,기술,기술
S0078,SB004,83,기술,기술
S0079,SB004,51,기술,기술
S0080,SB004,62,기술,기술
S0081,SB004,68,기술,기술
S0082,SB004,56,기술,기술
S0083,SB004,66,기술,기술
S0084,SB004,70,기술,기술
S0085,SB004,68,기술,기술
S0086,SB004,83,기술,기술
S0087,SB004,51,기술,기술
S0088,SB004,80,기술,기술
S0089,SB004,51,기술,기술
S0090,SB004,70,기술,기술
S0091,SB004,100,기술,기술
S0092,SB004,87,기술,기술
S0093,SB004,79,기술,기술
S0094,SB004,71,기술,기술
S0095,SB004,76,기술,기술
S0096,SB004,88,기술,기술
S0097,SB004,75,기술,기술
S0098,SB004,95,기술,기술
S0099,SB004,70,기술,기술
S0100,SB004,54,기술,기술
S0001,SB001,55,가정,가정
S0002,SB001,86,가정,가정
S0003,SB001,57,가정,가정
S0004,SB001,70,가정,가정
S0005,SB001,76,가정,가정
S0006,SB001,65,가정,가정
S0007,SB001,54,가정,가정
S0008,SB001,54,가정,가정
S0009,SB001,56,가정,가정
S0010,SB001,88,가정,가정
S0011,SB001,97,가정,가정
S0012,SB001,56,가정,가정
S0013,SB001,62,가정,가정
S0014,SB001,65,가정,가정
S0015,SB001,97,가정,가정
S0016,SB001,52,가정,가정
S0017,SB001,63,가정,가정
S0018,SB001,92,가정,가정
S0019,SB001,93,가정,가정
S0020,SB001,87,가정,가정
S0021,SB001,65,가정,가정
S0022,SB001,91,가정,가정
S0023,SB001,82,가정,가정
S0024,SB001,91,가정,가정
S0025,SB001,54,가정,가정
S0026,SB001,61,가정,가정
S0027,SB001,70,가정,가정
S0028,SB001,64,가정,가정
S0029,SB001,57,가정,가정
S0030,SB001,78,가정,가정
S0031,SB001,89,가정,가정
S0032,SB001,96,가정,가정
S0033,SB001,53,가정,가정
S0034,SB001,88,가정,가정
S0035,SB001,82,가정,가정
S0036,SB001,96,가정,가정
S0037,SB001,86,가정,가정
S0038,SB001,87,가정,가정
S0039,SB001,100,가정,가정
S0040,SB001,77,가정,가정
S0041,SB001,87,가정,가정
S0042,SB001,82,가정,가정
S0043,SB001,95,가정,가정
S0044,SB001,100,가정,가정
S0045,SB001,71,가정,가정
S0046,SB001,72,가정,가정
S0047,SB001,52,가정,가정
S0048,SB001,66,가정,가정
S0049,SB001,55,가정,가정
S0050,SB001,77,가정,가정
S0051,SB001,66,가정,가정
S0052,SB001,79,가정,가정
S0053,SB001,81,가정,가정
S0054,SB001,61,가정,가정
S0055,SB001,52,가정,가정
S0056,SB001,95,가정,가정
S0057,SB001,78,가정,가정
S0058,SB001,76,가정,가정
S0059,SB001,79,가정,가정
S0060,SB001,100,가정,가정
S0061,SB001,65,가정,가정
S0062,SB001,98,가정,가정
S0063,SB001,57,가정,가정
S0064,SB001,70,가정,가정
S0065,SB001,60,가정,가정
S0066,SB001,83,가정,가정
S0067,SB001,70,가정,가정
S0068,SB001,84,가정,가정
S0069,SB001,79,가정,가정
S0070,SB001,74,가정,가정
S0071,SB001,81,가정,가정
S0072,SB001,73,가정,가정
S0073,SB001,95,가정,가정
S0074,SB001,63,가정,가정
S0075,SB001,83,가정,가정
S0076,SB001,71,가정,가정
S0077,SB001,91,가정,가정
S0078,SB001,50,가정,가정
S0079,SB001,99,가정,가정
S0080,SB001,83,가정,가정
S0081,SB001,82,가정,가정
S0082,SB001,62,가정,가정
S0083,SB001,59,가정,가정
S0084,SB001,50,가정,가정
S0085,SB001,74,가정,가정
S0086,SB001,82,가정,가정
S0087,SB001,81,가정,가정
S0088,SB001,51,가정,가정
S0089,SB001,99,가정,가정
S0090,SB001,98,가정,가정
S0091,SB001,82,가정,가정
S0092,SB001,57,가정,가정
S0093,SB001,50,가정,가정
S0094,SB001,73,가정,가정
S0095,SB001,56,가정,가정
S0096,SB001,62,가정,가정
S0097,SB001,83,가정,가정
S0098,SB001,71,가정,가정
S0099,SB001,54,가정,가정
S0100,SB001,63,가정,가정
S0001,SB015,63,정보기술,정보기술
S0002,SB015,88,정보기술,정보기술
S0003,SB015,87,정보기술,정보기술
S0004,SB015,65,정보기술,정보기술
S0005,SB015,72,정보기술,정보기술
S0006,SB015,86,정보기술,정보기술
S0007,SB015,80,정보기술,정보기술
S0008,SB015,51,정보기술,정보기술
S0009,SB015,63,정보기술,정보기술
S0010,SB015,79,정보기술,정보기술
S0011,SB015,58,정보기술,정보기술
S0012,SB015,86,정보기술,정보기술
S0013,SB015,70,정보기술,정보기술
S0014,SB015,95,정보기술,정보기술
S0015,SB015,94,정보기술,정보기술
S0016,SB015,79,정보기술,정보기술
S0017,SB015,93,정보기술,정보기술
S0018,SB015,61,정보기술,정보기술
S0019,SB015,52,정보기술,정보기술
S0020,SB015,89,정보기술,정보기술
S0021,SB015,80,정보기술,정보기술
S0022,SB015,91,정보기술,정보기술
S0023,SB015,98,정보기술,정보기술
S0024,SB015,63,정보기술,정보기술
S0025,SB015,83,정보기술,정보기술
S0026,SB015,94,정보기술,정보기술
S0027,SB015,54,정보기술,정보기술
S0028,SB015,78,정보기술,정보기술
S0029,SB015,62,정보기술,정보기술
S0030,SB015,91,정보기술,정보기술
S0031,SB015,87,정보기술,정보기술
S0032,SB015,57,정보기술,정보기술
S0033,SB015,76,정보기술,정보기술
S0034,SB015,55,정보기술,정보기술
S0035,SB015,93,정보기술,정보기술
S0036,SB015,69,정보기술,정보기술
S0037,SB015,84,정보기술,정보기술
S0038,SB015,55,정보기술,정보기술
S0039,SB015,92,정보기술,정보기술
S0040,SB015,73,정보기술,정보기술
S0041,SB015,57,정보기술,정보기술
S0042,SB015,55,정보기술,정보기술
S0043,SB015,82,정보기술,정보기술
S0044,SB015,61,정보기술,정보기술
S0045,SB015,68,정보기술,정보기술
S0046,SB015,99,정보기술,정보기술
S0047,SB015,84,정보기술,정보기술
S0048,SB015,57,정보기술,정보기술
S0049,SB015,61,정보기술,정보기술
S0050,SB015,55,정보기술,정보기술
S0051,SB015,81,정보기술,정보기술
S0052,SB015,88,정보기술,정보기술
S0053,SB015,67,정보기술,정보기술
S0054,SB015,93,정보기술,정보기술
S0055,SB015,64,정보기술,정보기술
S0056,SB015,93,정보기술,정보기술
S0057,SB015,92,정보기술,정보기술
S0058,SB015,78,정보기술,정보기술
S0059,SB015,56,정보기술,정보기술
S0060,SB015,71,정보기술,정보기술
S0061,SB015,54,정보기술,정보기술
S0062,SB015,63,정보기술,정보기술
S0063,SB015,66,정보기술,정보기술
S0064,SB015,60,정보기술,정보기술
S0065,SB015,98,정보기술,정보기술
S0066,SB015,64,정보기술,정보기술
S0067,SB015,68,정보기술,정보기술
S0068,SB015,77,정보기술,정보기술
S0069,SB015,99,정보기술,정보기술
S0070,SB015,87,정보기술,정보기술
S0071,SB015,74,정보기술,정보기술
S0072,SB015,72,정보기술,정보기술
S0073,SB015,79,정보기술,정보기술
S0074,SB015,94,정보기술,정보기술
S0075,SB015,94,정보기술,정보기술
S0076,SB015,78,정보기술,정보기술
S0077,SB015,65,정보기술,정보기술
S0078,SB015,63,정보기술,정보기술
S0079,SB015,59,정보기술,정보기술
S0080,SB015,97,정보기술,정보기술
S0081,SB015,58,정보기술,정보기술
S0082,SB015,78,정보기술,정보기술
S0083,SB015,71,정보기술,정보기술
S0084,SB015,84,정보기술,정보기술
S0085,SB015,91,정보기술,정보기술
S0086,SB015,100,정보기술,정보기술
S0087,SB015,53,정보기술,정보기술
S0088,SB015,99,정보기술,정보기술
S0089,SB015,98,정보기술,정보기술
S0090,SB015,94,정보기술,정보기술
S0091,SB015,72,정보기술,정보기술
S0092,SB015,97,정보기술,정보기술
S0093,SB015,80,정보기술,정보기술
S0094,SB015,70,정보기술,정보기술
S0095,SB015,69,정보기술,정보기술
S0096,SB015,90,정보기술,정보기술
S0097,SB015,85,정보기술,정보기술
S0098,SB015,78,정보기술,정보기술
S0099,SB015,55,정보기술,정보기술
S0100,SB015,68,정보기술,정보기술
